Time,Energy
0.0,0.3410106017219875
0.063466518,0.3488995767915819
0.126933037,-0.5988309165985181
0.190399555,-0.04860434600909083
0.253866073,-0.7782410828027326
