Time,Oxygen
0.0,-0.9408060586258343
0.063466518,-0.0658382642788754
0.126933037,-2.0933684557388768
0.190399555,-1.436874633305111
0.253866073,-2.7814828044210835
