Time,Temperature
0.0,-4.335756206634033
0.063466518,-2.625284924004077
0.126933037,-4.221910105945735
0.190399555,-3.0492698631006743
0.253866073,-4.300020908391708
